code,lon,lat,hgt,crd1_flg,crd2_flg,crd1_X,crd1_Y,crd1_Z,crd2_X,crd2_Y,crd2_Z,diff_X,diff_Y,diff_Z,diff_E,diff_N,diff_U
ADE1 50109S001,138.6473488393904,-34.72899294832182,38.033302173018456,I,I,-3939182.64291,3467075.35709,-3613220.07432,-3939182.64291,3467075.35709,-3613220.07432,0.0,0.0,0.0,0.0,0.0,0.0
ADE2 50109S001,138.6473488393904,-34.72899294832182,38.033302173018456,I,I,-3939182.64291,3467075.35709,-3613220.07432,-3939182.64291,3467075.35709,-3613220.07432,0.0,0.0,0.0,0.0,0.0,0.0
AIRA 21742S001,130.5995952867862,31.82405995939986,314.6726516382769,I,I,-3530185.74714,4118797.26272,3344036.81264,-3530185.74714,4118797.26272,3344036.81264,0.0,0.0,0.0,0.0,0.0,0.0
ALBH 40129M003,-123.4874715054833,48.38978053418537,31.748866099864244,I,I,-2341333.0538,-3539049.51797,4745791.27634,-2341333.0538,-3539049.51797,4745791.27634,0.0,0.0,0.0,0.0,0.0,0.0
ALGO 40104M002,-78.07137019402428,45.955800610942546,200.94551701657474,I,I,918129.21574,-4346071.30409,4561977.89981,918129.21574,-4346071.30409,4561977.89981,0.0,0.0,0.0,0.0,0.0,0.0
ALIC 50137M001,133.88552007746767,-23.67011276927486,603.2426713770255,I,I,-4052052.54031,4212836.00965,-2545104.85422,-4052052.54031,4212836.00965,-2545104.85422,0.0,0.0,0.0,0.0,0.0,0.0
ALRT 40162M001,-62.340477718687325,82.49429438587983,78.17716990504414,I,I,388042.48689,-740382.44046,6302001.93275,388042.48689,-740382.44046,6302001.93275,0.0,0.0,0.0,0.0,0.0,0.0
AMC2 40472S004,-104.52459544898764,38.80312394509079,1911.3861341951415,I,I,-1248596.33883,-4819428.20195,3976505.94811,-1248596.33883,-4819428.20195,3976505.94811,0.0,0.0,0.0,0.0,0.0,0.0
ANKR 20805M002,32.75846999355413,39.887372287964894,976.0166081991047,I,I,4121948.44607,2652187.86557,4069023.84402,4121948.44607,2652187.86557,4069023.84402,0.0,0.0,0.0,0.0,0.0,0.0
ANTC 41713S001,-71.53204778591987,-37.33870175821624,745.40093644429,I,I,1608539.74174,-4816369.73194,-3847798.45424,1608539.74174,-4816369.73194,-3847798.45424,0.0,0.0,0.0,0.0,0.0,0.0
AOML 49914S001,-80.16220016746672,25.734691884579572,0.0950615769252181,I,I,982296.62385,-5664607.2268,2752614.5225,982296.62385,-5664607.2268,2752614.5225,0.0,0.0,0.0,0.0,0.0,0.0
ARTU 12362M001,58.56046080446374,56.42982211501786,247.57775225676596,I,I,1843956.48143,3016203.20258,5291261.77672,1843956.48143,3016203.20258,5291261.77672,0.0,0.0,0.0,0.0,0.0,0.0
ASC1 30602M001,-14.41207290980718,-7.951212540860278,105.1107354843989,I,I,6118526.0502,-1572344.79296,-876450.95696,6118526.0502,-1572344.79296,-876450.95696,0.0,0.0,0.0,0.0,0.0,0.0
ASPA 50503S006,-170.7224391745173,-14.326091980235459,53.54009439609945,P,P,-6100260.16228,-996502.91231,-1567977.42098,-6100260.16228,-996502.91231,-1567977.42098,0.0,0.0,0.0,0.0,0.0,0.0
AUCK 50209M001,174.83438621934664,-36.60283910337375,132.67601002939045,I,I,-5105681.40805,461564.00902,-3782181.15822,-5105681.40805,461564.00902,-3782181.15822,0.0,0.0,0.0,0.0,0.0,0.0
BAHR 24901M002,50.60814891217047,26.209144068387708,-17.077859673649073,I,I,3633908.47181,4425275.63901,2799861.76417,3633908.47181,4425275.63901,2799861.76417,0.0,0.0,0.0,0.0,0.0,0.0
BAKE 40152M001,-96.0023486548736,64.31781968625661,4.546661504544318,I,I,-289834.18533,-2756501.12519,5725162.32903,-289834.18533,-2756501.12519,5725162.32903,0.0,0.0,0.0,0.0,0.0,0.0
BAN2 22306M003,77.51162094434224,13.034322014053364,831.8719522142783,I,I,1344087.21408,6068610.28182,1429292.31626,1344087.21408,6068610.28182,1429292.31626,0.0,0.0,0.0,0.0,0.0,0.0
BARH 49927S001,-68.22169222253453,44.395048595060096,6.754794106818736,I,I,1693644.68687,-4239067.58596,4439567.2904,1693644.68687,-4239067.58596,4439567.2904,0.0,0.0,0.0,0.0,0.0,0.0
BHR1 24901M002,50.60814891217047,26.209144068387708,-17.077859673649073,I,I,3633908.47181,4425275.63901,2799861.76417,3633908.47181,4425275.63901,2799861.76417,0.0,0.0,0.0,0.0,0.0,0.0
BHR2 24901M002,50.60814891217047,26.209144068387708,-17.077859673649073,I,I,3633908.47181,4425275.63901,2799861.76417,3633908.47181,4425275.63901,2799861.76417,0.0,0.0,0.0,0.0,0.0,0.0
BILI 12363M001,166.43796474428748,68.07612792176393,456.1372568598017,I,I,-2321893.28232,560096.80844,5894691.71969,-2321893.28232,560096.80844,5894691.71969,0.0,0.0,0.0,0.0,0.0,0.0
BJFS 21601M001,115.89248892439342,39.60860037737348,87.4711000090465,I,I,-2148744.40075,4426641.20827,4044655.85514,-2148744.40075,4426641.20827,4044655.85514,0.0,0.0,0.0,0.0,0.0,0.0
BOGT 41901M001,-74.08093954569429,4.640074325567124,2576.2662918940187,I,I,1744398.89734,-6116037.05627,512731.84726,1744398.89734,-6116037.05627,512731.84726,0.0,0.0,0.0,0.0,0.0,0.0
BOR1 12205M002,17.07345935910041,52.27695812473745,124.36044013686478,I,I,3738358.28058,1148173.8662,5021815.86157,3738358.28058,1148173.8662,5021815.86157,0.0,0.0,0.0,0.0,0.0,0.0
BRAZ 41606M001,-47.877869472823654,-15.947473617084535,1105.9998183147982,I,I,4115014.06786,-4550641.60856,-1741443.82974,4115014.06786,-4550641.60856,-1741443.82974,0.0,0.0,0.0,0.0,0.0,0.0
BREW 40473M001,-119.68263543769125,48.131523127773896,238.60523895639926,I,I,-2112007.29302,-3705351.82472,4726827.07669,-2112007.29302,-3705351.82472,4726827.07669,0.0,0.0,0.0,0.0,0.0,0.0
BRFT 41602M002,-38.42553766281344,-3.87744563715683,21.667827722616494,I,I,4985393.50504,-3954993.45534,-428426.5797,4985393.50504,-3954993.45534,-428426.5797,0.0,0.0,0.0,0.0,0.0,0.0
BRMU 42501S004,-64.69627435236578,32.37039955256184,-11.636729476042092,I,I,2304703.34393,-4874817.17077,3395187.01816,2304703.34393,-4874817.17077,3395187.01816,0.0,0.0,0.0,0.0,0.0,0.0
BRST 10004M004,-4.496592343894228,48.38049510370952,65.81667898315936,I,I,4231162.45932,-332746.50227,4745131.02403,4231162.45932,-332746.50227,4745131.02403,0.0,0.0,0.0,0.0,0.0,0.0
BRUS 13101M004,4.359221664300398,50.797819482959156,149.68250904325396,I,I,4027893.61253,307045.9898,4919475.22656,4027893.61253,307045.9898,4919475.22656,0.0,0.0,0.0,0.0,0.0,0.0
BUCU 11401M001,26.1257435794742,44.46394597126772,143.2349086087197,I,I,4093760.70152,2007793.98768,4445130.08193,4093760.70152,2007793.98768,4445130.08193,0.0,0.0,0.0,0.0,0.0,0.0
BUE1 41505S007,-58.51929929088545,-34.57370015153482,48.683278444223106,I,I,2745499.0972,-4483636.62292,-3599054.40662,2745499.0972,-4483636.62292,-3599054.40662,0.0,0.0,0.0,0.0,0.0,0.0
BUE2 41505S007,-58.51929929088545,-34.57370015153482,48.683278444223106,I,I,2745499.0972,-4483636.62292,-3599054.40662,2745499.0972,-4483636.62292,-3599054.40662,0.0,0.0,0.0,0.0,0.0,0.0
CAGL 12725M003,8.972755052619744,39.13591336202631,238.36430249549448,I,I,4893378.68829,772649.98303,4004182.28966,4893378.68829,772649.98303,4004182.28966,0.0,0.0,0.0,0.0,0.0,0.0
CAGZ 12725M004,8.972760902931034,39.13589138432337,237.99263748899102,I,I,4893379.84584,772650.67791,4004180.16248,4893379.84584,772650.67791,4004180.16248,0.0,0.0,0.0,0.0,0.0,0.0
CAS1 66011M001,110.51970642487119,-66.28336034795274,22.460232214070857,I,I,-901776.13852,2409383.25703,-5816748.49854,-901776.13852,2409383.25703,-5816748.49854,0.0,0.0,0.0,0.0,0.0,0.0
CCJM 21732S003,142.18457638046044,27.095583663792166,208.82668018899858,I,I,-4488925.45551,3483903.35455,2887743.39694,-4488925.45551,3483903.35455,2887743.39694,0.0,0.0,0.0,0.0,0.0,0.0
CEDU 50138M001,133.8098331865208,-31.866660229633784,144.72313056886196,I,I,-3753472.98675,3912741.01858,-3347959.94762,-3753472.98675,3912741.01858,-3347959.94762,0.0,0.0,0.0,0.0,0.0,0.0
CFAG 41517S001,-68.23264740164795,-31.602166138836157,702.5434361333027,I,I,2016584.95772,-5050165.67031,-3323308.65475,2016584.95772,-5050165.67031,-3323308.65475,0.0,0.0,0.0,0.0,0.0,0.0
CHAT 50207M001,-176.56584720264735,-43.95578223470475,57.97162831015885,I,I,-4590671.3599,-275482.29101,-4404596.33416,-4590671.3599,-275482.29101,-4404596.33416,0.0,0.0,0.0,0.0,0.0,0.0
CHTI 50242M001,-176.61711848289605,-43.735471844473956,75.66865672171116,I,I,-4607856.10222,-272375.55306,-4386954.29635,-4607856.10222,-272375.55306,-4386954.29635,0.0,0.0,0.0,0.0,0.0,0.0
CHUM 25601M001,74.75110185970681,42.9985013988751,716.3449256587774,I,I,1228950.52836,4508079.97364,4327868.53151,1228950.52836,4508079.97364,4327868.53151,0.0,0.0,0.0,0.0,0.0,0.0
CHUR 40128M002,-94.08873097092544,58.75907747443442,-19.245423529297113,I,I,-236439.04743,-3307616.91354,5430049.30194,-236439.04743,-3307616.91354,5430049.30194,0.0,0.0,0.0,0.0,0.0,0.0
CIC1 40508M002,-116.6657652928602,31.87067990907491,64.3217042600736,I,I,-2433177.40577,-4845044.59735,3348296.03655,-2433177.40577,-4845044.59735,3348296.03655,0.0,0.0,0.0,0.0,0.0,0.0
COCO 50127M001,96.83397335634014,-12.188342535918052,-35.299496117047966,I,I,-741950.8592,6190961.69575,-1337767.65002,-741950.8592,6190961.69575,-1337767.65002,0.0,0.0,0.0,0.0,0.0,0.0
CONZ 41719M002,-73.02551496891893,-36.84376533937172,180.62819171883166,P,P,1492004.62585,-4887911.27573,-3803640.25952,1492004.62585,-4887911.27573,-3803640.25952,0.0,0.0,0.0,0.0,0.0,0.0
COYQ 41715S001,-71.89208111306347,-45.51434013186754,476.1613401668146,I,I,1391587.19418,-4255574.54655,-4527925.86896,1391587.19418,-4255574.54655,-4527925.86896,0.0,0.0,0.0,0.0,0.0,0.0
CRAO 12337M002,33.99098521354705,44.41326080651899,365.8062270246446,I,I,3783896.9045,2551404.56988,4441264.37311,3783896.9045,2551404.56988,4441264.37311,0.0,0.0,0.0,0.0,0.0,0.0
CRO1 43201M001,-64.5843187722092,17.756899427853206,-31.96320090536028,I,I,2607771.29087,-5488076.60395,1932767.91369,2607771.29087,-5488076.60395,1932767.91369,0.0,0.0,0.0,0.0,0.0,0.0
DAEJ 23902M002,127.37448218749734,36.39942765196195,116.8469908228144,I,I,-3120042.23644,4084614.78182,3764026.8226,-3120042.23644,4084614.78182,3764026.8226,0.0,0.0,0.0,0.0,0.0,0.0
DARR 50134M001,131.1327425324244,-12.84369951903439,125.10289110336453,I,I,-4091359.4262,4684606.491,-1408579.41873,-4091359.4262,4684606.491,-1408579.41873,0.0,0.0,0.0,0.0,0.0,0.0
DARW 50134M001,131.1327425324244,-12.84369951903439,125.10289110336453,I,I,-4091359.4262,4684606.491,-1408579.41873,-4091359.4262,4684606.491,-1408579.41873,0.0,0.0,0.0,0.0,0.0,0.0
DAV1 66010M001,77.9726125361696,-68.5773235086091,44.386150090023875,I,I,486854.57514,2285099.19909,-5914955.70219,486854.57514,2285099.19909,-5914955.70219,0.0,0.0,0.0,0.0,0.0,0.0
DAVR 66010M001,77.9726125361696,-68.5773235086091,44.386150090023875,I,I,486854.57514,2285099.19909,-5914955.70219,486854.57514,2285099.19909,-5914955.70219,0.0,0.0,0.0,0.0,0.0,0.0
DGAR 30802M001,72.37024323767004,-7.269682297916975,-64.94375811517239,I,I,1916268.97096,6029977.63067,-801719.57342,1916268.97096,6029977.63067,-801719.57342,0.0,0.0,0.0,0.0,0.0,0.0
DGAV 30802M001,72.37024323767004,-7.269682297916975,-64.94375811517239,I,I,1916268.97096,6029977.63067,-801719.57342,1916268.97096,6029977.63067,-801719.57342,0.0,0.0,0.0,0.0,0.0,0.0
DRAG 20710S001,35.39207274422825,31.593202511634008,31.84248849004507,I,I,4432980.45346,3149432.22905,3322110.65128,4432980.45346,3149432.22905,3322110.65128,0.0,0.0,0.0,0.0,0.0,0.0
DRAO 40105M002,-119.6249840651922,49.322618051478216,541.8833888685331,I,I,-2059164.95844,-3621108.40378,4814432.26988,-2059164.95844,-3621108.40378,4814432.26988,0.0,0.0,0.0,0.0,0.0,0.0
DUBO 40137M001,-95.8661829790405,50.258808658273495,245.2774801235646,I,I,-417603.86635,-4064529.81967,4881432.14189,-417603.86635,-4064529.81967,4881432.14189,0.0,0.0,0.0,0.0,0.0,0.0
DUBR 11901M001,18.11043730269069,42.64998502790108,454.2852746611461,I,I,4465939.86553,1460594.65364,4299291.55181,4465939.86553,1460594.65364,4299291.55181,0.0,0.0,0.0,0.0,0.0,0.0
DUM1 91501M001,140.00193543277726,-66.66508564989687,-1.3523823898285627,I,I,-1940883.74995,1628483.11776,-5833718.10611,-1940883.74995,1628483.11776,-5833718.10611,0.0,0.0,0.0,0.0,0.0,0.0
EISL 41703M003,-109.3832827344942,-27.14820983956309,114.52142576966435,I,I,-1884950.58797,-5357596.21485,-2892890.5892,-1884950.58797,-5357596.21485,-2892890.5892,0.0,0.0,0.0,0.0,0.0,0.0
EPRT 49928S001,-66.99213298109294,44.90871044941667,30.358878079801798,I,I,1768544.39333,-4164839.45676,4480190.4687,1768544.39333,-4164839.45676,4480190.4687,0.0,0.0,0.0,0.0,0.0,0.0
FAIR 40408M001,-147.49924063044432,64.97799688962388,319.021941752173,I,I,-2281621.86588,-1453595.94994,5756961.73586,-2281621.86588,-1453595.94994,5756961.73586,0.0,0.0,0.0,0.0,0.0,0.0
FLIN 40135M001,-101.97803674550177,54.725583548727045,311.54503312986344,I,I,-766174.74791,-3611375.35357,5184056.21643,-766174.74791,-3611375.35357,5184056.21643,0.0,0.0,0.0,0.0,0.0,0.0
FORT 41602M001,-38.425613055738644,-3.8774440150798375,19.456259986385703,I,I,4985386.58173,-3954998.65159,-428426.25119,4985386.58173,-3954998.65159,-428426.25119,0.0,0.0,0.0,0.0,0.0,0.0
GALA 42005M001,-90.30361374937674,-0.7426940644123615,7.4298994317650795,I,I,-33795.18876,-6377522.63771,-82120.70105,-33795.18876,-6377522.63771,-82120.70105,0.0,0.0,0.0,0.0,0.0,0.0
GLPS 42005M002,-90.30366754474268,-0.7429984617655745,1.781637885607779,I,I,-33801.14441,-6377516.5219,-82154.28359,-33801.14441,-6377516.5219,-82154.28359,0.0,0.0,0.0,0.0,0.0,0.0
GLSV 12356M001,30.49673549263573,50.364183933770164,226.31209053844213,I,I,3512888.75416,2068980.0237,4888903.28293,3512888.75416,2068980.0237,4888903.28293,0.0,0.0,0.0,0.0,0.0,0.0
GMAS 31303S004,-15.634268317595312,27.76478428542142,195.42118023894727,I,I,5439112.52513,-1522134.79305,2953556.31953,5439112.52513,-1522134.79305,2953556.31953,0.0,0.0,0.0,0.0,0.0,0.0
GMSD 21749S002,131.0155642460415,30.556445380603268,142.33726776298136,I,I,-3607665.3038,4147867.99058,3223717.08495,-3607665.3038,4147867.99058,3223717.08495,0.0,0.0,0.0,0.0,0.0,0.0
GODE 40451M123,-76.8268318203513,39.02172798521627,14.491696987301111,I,I,1130773.5971,-4831253.56941,3994200.44944,1130773.5971,-4831253.56941,3994200.44944,0.0,0.0,0.0,0.0,0.0,0.0
GODZ 40451M123,-76.8268318203513,39.02172798521627,14.491696987301111,I,I,1130773.5971,-4831253.56941,3994200.44944,1130773.5971,-4831253.56941,3994200.44944,0.0,0.0,0.0,0.0,0.0,0.0
GOL2 40405S031,-116.88925204237346,35.42515574723513,986.6563567733392,I,I,-2353614.48383,-4641385.26357,3676976.40133,-2353614.48383,-4641385.26357,3676976.40133,0.0,0.0,0.0,0.0,0.0,0.0
GOLD 40405S031,-116.88925204237346,35.42515574723513,986.6563567733392,I,I,-2353614.48383,-4641385.26357,3676976.40133,-2353614.48383,-4641385.26357,3676976.40133,0.0,0.0,0.0,0.0,0.0,0.0
GOUG 30608M001,-9.88071369123214,-40.34883123840288,81.23281654901803,I,I,4795578.80092,-835299.17409,-4107633.78725,4795578.80092,-835299.17409,-4107633.78725,0.0,0.0,0.0,0.0,0.0,0.0
GRAS 10002M006,6.920575751133909,43.75473928654528,1319.3162653660402,I,I,4581690.76696,556115.02405,4389360.91673,4581690.76696,556115.02405,4389360.91673,0.0,0.0,0.0,0.0,0.0,0.0
GRAZ 11001M002,15.49348310452616,47.0671314095027,538.2912203324959,I,I,4194423.64757,1162702.8711,4647245.52255,4194423.64757,1162702.8711,4647245.52255,0.0,0.0,0.0,0.0,0.0,0.0
GUAM 50501M002,144.86836019138315,13.589329808464406,201.9184542056173,I,I,-5071312.67591,3568363.62204,1488904.38843,-5071312.67591,3568363.62204,1488904.38843,0.0,0.0,0.0,0.0,0.0,0.0
GUAO 21612M003,87.17731062681578,43.47110822803061,2028.7163340905681,I,I,228378.69158,4631946.90263,4367028.53402,228378.69158,4631946.90263,4367028.53402,0.0,0.0,0.0,0.0,0.0,0.0
GUAT 40901S001,-90.52018240140623,14.590404409393384,1519.8788787983358,I,I,-56063.52713,-6174978.66761,1596665.29957,-56063.52713,-6174978.66761,1596665.29957,0.0,0.0,0.0,0.0,0.0,0.0
GUUG 82301M001,144.80271205725708,13.433208598866324,134.72872071620077,I,I,-5070465.1834,3576460.29643,1472093.82598,-5070465.1834,3576460.29643,1472093.82598,0.0,0.0,0.0,0.0,0.0,0.0
HARB 30302M009,27.707246349409633,-25.886961275272164,1558.086186170578,I,I,5084657.61768,2670325.30862,-2768480.98441,5084657.61768,2670325.30862,-2768480.98441,0.0,0.0,0.0,0.0,0.0,0.0
HERS 13212M007,0.3362738706703012,50.867315316421134,76.47411413583905,I,I,4033469.96615,23673.05486,4924301.40996,4033469.96615,23673.05486,4924301.40996,0.0,0.0,0.0,0.0,0.0,0.0
HERT 13212M010,0.33435574993605455,50.8674809665947,83.3355421917513,I,I,4033460.79249,23537.96612,4924318.36258,4033460.79249,23537.96612,4924318.36258,0.0,0.0,0.0,0.0,0.0,0.0
HLFX 40120M001,-63.6112815316497,44.68355029587691,3.097814006730914,I,I,2018905.61144,-4069070.5096,4462415.47484,2018905.61144,-4069070.5096,4462415.47484,0.0,0.0,0.0,0.0,0.0,0.0
HNLC 49970S001,-157.86455155726503,21.30329134790966,21.96545372530818,I,I,-5506798.85751,-2240048.90712,2302720.74158,-5506798.85751,-2240048.90712,2302720.74158,0.0,0.0,0.0,0.0,0.0,0.0
HOB2 50116M004,147.43873609965488,-42.80470769703586,41.0577503843233,I,I,-3950072.06874,2522415.33499,-4311637.61888,-3950072.06874,2522415.33499,-4311637.61888,0.0,0.0,0.0,0.0,0.0,0.0
HOFN 10204M002,-15.197917820974542,64.26729332128258,82.82994464412332,I,I,2679689.93685,-727951.07235,5722789.48476,2679689.93685,-727951.07235,5722789.48476,0.0,0.0,0.0,0.0,0.0,0.0
HOLB 40130M001,-128.1349994143667,50.64035251800636,559.61059429124,I,I,-2503040.68017,-3188233.31487,4908701.45034,-2503040.68017,-3188233.31487,4908701.45034,0.0,0.0,0.0,0.0,0.0,0.0
HRAO 30302M004,27.686982388605482,-25.890103272042314,1414.1451561935246,I,I,5085352.43972,2668396.03292,-2768731.36758,5085352.43972,2668396.03292,-2768731.36758,0.0,0.0,0.0,0.0,0.0,0.0
HYDE 22307M001,78.55087301975674,17.41726129077871,441.6732131941244,I,I,1208444.15762,5966805.97772,1897077.20852,1208444.15762,5966805.97772,1897077.20852,0.0,0.0,0.0,0.0,0.0,0.0
IISC 22306M002,77.57037975604231,13.02116912142742,843.7003300776705,I,I,1337936.02974,6070317.12226,1427877.13442,1337936.02974,6070317.12226,1427877.13442,0.0,0.0,0.0,0.0,0.0,0.0
INVK 40150M001,-133.52696349262624,68.30618401391578,46.35353529360145,I,I,-1628432.30931,-1714393.0738,5903844.6354,-1628432.30931,-1714393.0738,5903844.6354,0.0,0.0,0.0,0.0,0.0,0.0
IRKG 12313M002,104.31618593255989,52.21902007696288,502.05761465989053,I,I,-968328.83548,3794426.51608,5018167.22702,-968328.83548,3794426.51608,5018167.22702,0.0,0.0,0.0,0.0,0.0,0.0
IRKJ 12313M002,104.31618593255989,52.21902007696288,502.05761465989053,I,I,-968328.83548,3794426.51608,5018167.22702,-968328.83548,3794426.51608,5018167.22702,0.0,0.0,0.0,0.0,0.0,0.0
IRKM 12313M001,104.31624403903659,52.21902364945568,502.34766575787216,I,I,-968332.64984,3794425.40178,5018167.69982,-968332.64984,3794425.40178,5018167.69982,0.0,0.0,0.0,0.0,0.0,0.0
IRKT 12313M001,104.31624403903659,52.21902364945568,502.34766575787216,I,I,-968332.64984,3794425.40178,5018167.69982,-968332.64984,3794425.40178,5018167.69982,0.0,0.0,0.0,0.0,0.0,0.0
ISPA 41703M007,-109.34440481545832,-27.124983291011205,112.48853273130953,I,I,-1881703.01646,-5359979.92043,-2890599.289,-1881703.01646,-5359979.92043,-2890599.289,0.0,0.0,0.0,0.0,0.0,0.0
ISTA 20807M001,29.019343239223097,41.104448517205604,147.25368396844715,I,I,4208830.12907,2334850.487,4171267.33885,4208830.12907,2334850.487,4171267.33885,0.0,0.0,0.0,0.0,0.0,0.0
JAB1 50136M001,132.8939012963061,-12.65884283725127,82.11030945274979,I,I,-4236443.40605,4559929.32157,-1388623.5743,-4236443.40605,4559929.32157,-1388623.5743,0.0,0.0,0.0,0.0,0.0,0.0
JOZ2 12204M002,21.032354173633927,52.09783716842311,152.5324643086642,I,I,3664880.39776,1409190.74783,5009618.57308,3664880.39776,1409190.74783,5009618.57308,0.0,0.0,0.0,0.0,0.0,0.0
JOZE 12204M001,21.031541891179725,52.097276258535736,141.44956477638334,I,I,3664939.98769,1409154.02139,5009571.48628,3664939.98769,1409154.02139,5009571.48628,0.0,0.0,0.0,0.0,0.0,0.0
JPLM 40400M007,-118.17322997068152,34.204821220811596,423.9860751219094,I,I,-2493304.72047,-4655215.00813,3565497.59349,-2493304.72047,-4655215.00813,3565497.59349,0.0,0.0,0.0,0.0,0.0,0.0
KARR 50139M001,117.09719484809764,-20.98142516780072,109.14727210253477,I,I,-2713833.05385,5303935.11062,-2269514.02863,-2713833.05385,5303935.11062,-2269514.02863,0.0,0.0,0.0,0.0,0.0,0.0
KELY 43005M002,-50.944842332299,66.98741952846224,229.842106689699,I,I,1575558.90021,-1941827.96799,5848076.55824,1575558.90021,-1941827.96799,5848076.55824,0.0,0.0,0.0,0.0,0.0,0.0
KERG 91201M002,70.25552297942912,-49.35146697460705,73.00065412279218,I,I,1406337.21869,3918161.09936,-4816167.36177,1406337.21869,3918161.09936,-4816167.36177,0.0,0.0,0.0,0.0,0.0,0.0
KGNI 21704S005,139.48812049546183,35.71034154174209,123.54161165934056,I,I,-3941949.16724,3368156.39677,3702214.79468,-3941949.16724,3368156.39677,3702214.79468,0.0,0.0,0.0,0.0,0.0,0.0
KHAB 12361M001,135.04615858837207,48.52145304971096,130.46868087537587,I,I,-2995266.70877,2990444.50298,4755575.77586,-2995266.70877,2990444.50298,4755575.77586,0.0,0.0,0.0,0.0,0.0,0.0
KHAJ 12361M001,135.04615858837207,48.52145304971096,130.46868087537587,I,I,-2995266.70877,2990444.50298,4755575.77586,-2995266.70877,2990444.50298,4755575.77586,0.0,0.0,0.0,0.0,0.0,0.0
KIT3 12334M001,66.88544854830607,39.13476740248351,622.4865470873192,I,I,1944944.86454,4556652.31264,4004326.04258,1944944.86454,4556652.31264,4004326.04258,0.0,0.0,0.0,0.0,0.0,0.0
KOKB 40424M004,-159.66493396996296,22.126265940651756,1167.358779475093,I,I,-5543838.28469,-2054586.12145,2387810.28381,-5543838.28469,-2054586.12145,2387810.28381,0.0,0.0,0.0,0.0,0.0,0.0
KOKV 40424M004,-159.66493396996296,22.126265940651756,1167.358779475093,I,I,-5543838.28469,-2054586.12145,2387810.28381,-5543838.28469,-2054586.12145,2387810.28381,0.0,0.0,0.0,0.0,0.0,0.0
KOSG 13504M003,5.809646566454731,52.17842820179868,96.84522725455463,I,I,3899224.98058,396732.1054,5015078.523,3899224.98058,396732.1054,5015078.523,0.0,0.0,0.0,0.0,0.0,0.0
KOUC 92727S001,164.28733849388888,-20.558688920265478,84.12861233204603,I,I,-5751223.0196,1617967.31879,-2225743.40896,-5751223.0196,1617967.31879,-2225743.40896,0.0,0.0,0.0,0.0,0.0,0.0
KUNM 21609M001,102.79719853735014,25.02953707194403,1986.2021796107292,I,I,-1281256.03186,5640746.08427,2682879.79993,-1281256.03186,5640746.08427,2682879.79993,0.0,0.0,0.0,0.0,0.0,0.0
KWJ1 50506M001,167.73023317588238,8.722209665057118,38.204940306954086,I,I,-6160880.62372,1339884.15444,960810.98904,-6160880.62372,1339884.15444,960810.98904,0.0,0.0,0.0,0.0,0.0,0.0
LAE1 51002M001,146.9931902913727,-6.673702730925103,140.25276996102184,I,I,-5312857.29408,3451107.67903,-736321.94154,-5312857.29408,3451107.67903,-736321.94154,0.0,0.0,0.0,0.0,0.0,0.0
LHAS 21613M001,91.10399506591541,29.657342100991414,3624.6681398469955,I,I,-106938.49403,5549269.44403,3139216.0137,-106938.49403,5549269.44403,3139216.0137,0.0,0.0,0.0,0.0,0.0,0.0
LHAZ 21613M002,91.10403020819145,29.657333416241045,3624.613256157376,I,I,-106941.90593,5549269.80728,3139215.1495,-106941.90593,5549269.80728,3139215.1495,0.0,0.0,0.0,0.0,0.0,0.0
LPGS 41510M001,-57.932299621552076,-34.906744161458164,29.88920783251524,I,I,2780103.03589,-4437419.00082,-3629404.42353,2780103.03589,-4437419.00082,-3629404.42353,0.0,0.0,0.0,0.0,0.0,0.0
LROC 10023M001,-1.2193143924171062,46.1589437548782,57.85638262797147,I,I,4424632.44881,-94175.04495,4577544.19462,4424632.44881,-94175.04495,4577544.19462,0.0,0.0,0.0,0.0,0.0,0.0
MAC1 50135M001,158.93583057885036,-54.49952787230914,-6.821690175682306,I,I,-3464038.80177,1334173.10677,-5169223.96674,-3464038.80177,1334173.10677,-5169223.96674,0.0,0.0,0.0,0.0,0.0,0.0
MAL2 33201M003,40.19414523169524,-2.996053807213983,-20.91381482128054,I,I,4865385.5194,4110717.39933,-331137.46006,4865385.5194,4110717.39933,-331137.46006,0.0,0.0,0.0,0.0,0.0,0.0
MALD 22901S001,73.5262905918395,4.1886865812984935,-92.05606829188764,I,I,1803857.49383,6099997.91961,462750.07152,1803857.49383,6099997.91961,462750.07152,0.0,0.0,0.0,0.0,0.0,0.0
MALI 33201M001,40.19439767041125,-2.9959095423490023,-23.3563024783507,I,I,4865366.18171,4110737.79954,-331121.40184,4865366.18171,4110737.79954,-331121.40184,0.0,0.0,0.0,0.0,0.0,0.0
MANA 41201S001,-86.24899334840947,12.14893897078165,71.0200438303873,I,I,407981.90033,-6222925.67437,1333529.02359,407981.90033,-6222925.67437,1333529.02359,0.0,0.0,0.0,0.0,0.0,0.0
MAR6 10405M002,17.25852973288238,60.595145104028205,75.51998083107173,I,I,2998189.28006,931451.92037,5533398.81709,2998189.28006,931451.92037,5533398.81709,0.0,0.0,0.0,0.0,0.0,0.0
MAS1 31303M002,-15.633274006406637,27.763742927543394,197.14057467039675,I,I,5439192.1743,-1522055.29921,2953455.00423,5439192.1743,-1522055.29921,2953455.00423,0.0,0.0,0.0,0.0,0.0,0.0
MAT1 12734M009,16.70454894024514,40.64906377413483,534.5298526296392,I,I,4641951.27056,1393053.84692,4133281.01275,4641951.27056,1393053.84692,4133281.01275,0.0,0.0,0.0,0.0,0.0,0.0
MATE 12734M008,16.70446214373915,40.649133426215435,535.6582467947155,I,I,4641949.37454,1393045.6126,4133287.6167,4641949.37454,1393045.6126,4133287.6167,0.0,0.0,0.0,0.0,0.0,0.0
MAUI 40445S008,-156.2570300157761,20.70665763277739,3062.08994106669,I,I,-5466069.00967,-2404327.45231,2242127.76177,-5466069.00967,-2404327.45231,2242127.76177,0.0,0.0,0.0,0.0,0.0,0.0
MAW1 66004M001,62.87071442168952,-67.60476678604927,59.11845859698951,I,I,1111287.20054,2168911.20773,-5874493.59352,1111287.20054,2168911.20773,-5874493.59352,0.0,0.0,0.0,0.0,0.0,0.0
MBAR 33901M001,30.737878008857123,-0.6014677280604709,1337.549580803141,I,I,5482951.19698,3260442.76355,-66519.70228,5482951.19698,3260442.76355,-66519.70228,0.0,0.0,0.0,0.0,0.0,0.0
MCIL 21789S001,153.97865366933223,24.290096336672008,35.656330238096416,I,I,-5227187.71619,2551880.9626,2607618.15718,-5227187.71619,2551880.9626,2607618.15718,0.0,0.0,0.0,0.0,0.0,0.0
MCM4 66001M003,166.6693324778011,-77.83835039474722,97.95333639346063,I,I,-1311703.07693,310814.88284,-6213255.11433,-1311703.07693,310814.88284,-6213255.11433,0.0,0.0,0.0,0.0,0.0,0.0
MDO1 40442M012,-104.01499432394884,30.680510710381842,2004.4902847716585,I,I,-1329998.9001,-5328393.36644,3236504.11124,-1329998.9001,-5328393.36644,3236504.11124,0.0,0.0,0.0,0.0,0.0,0.0
MDVJ 12309M005,37.21450764829308,56.02149339806738,257.10753214452416,I,I,2845455.86282,2160954.36396,5265993.28447,2845455.86282,2160954.36396,5265993.28447,0.0,0.0,0.0,0.0,0.0,0.0
MDVO 12309M002,37.223593122868316,56.027481171344824,254.78039493598044,I,I,2844671.86657,2161070.29734,5266363.94292,2844671.86657,2161070.29734,5266363.94292,0.0,0.0,0.0,0.0,0.0,0.0
MEDI 12711M003,11.646817643900018,44.519958872433335,50.01362046599388,I,I,4461400.5665,919593.76949,4449504.88579,4461400.5665,919593.76949,4449504.88579,0.0,0.0,0.0,0.0,0.0,0.0
METS 10503S011,24.39532390402287,60.21747331509819,94.6610477278009,I,I,2892570.62497,1311843.59023,5512634.24024,2892570.62497,1311843.59023,5512634.24024,0.0,0.0,0.0,0.0,0.0,0.0
METZ 10503M005,24.395334359229086,60.217481168658324,94.61525646131486,I,I,2892569.67323,1311843.79499,5512634.63513,2892569.67323,1311843.79499,5512634.63513,0.0,0.0,0.0,0.0,0.0,0.0
MKEA 40477M001,-155.45634619426772,19.801357047393335,3754.646868724376,I,I,-5464105.3275,-2495165.74704,2148291.5175,-5464105.3275,-2495165.74704,2148291.5175,0.0,0.0,0.0,0.0,0.0,0.0
MOBS 50182M001,144.97534007717528,-37.82940564576358,40.58369750529528,I,I,-4130636.57291,2894953.12275,-3890530.46598,-4130636.57291,2894953.12275,-3890530.46598,0.0,0.0,0.0,0.0,0.0,0.0
MONP 40497M004,-116.42235220683119,32.89194121108779,1842.5555423358455,I,I,-2386247.38729,-4802359.13815,3444902.39378,-2386247.38729,-4802359.13815,3444902.39378,0.0,0.0,0.0,0.0,0.0,0.0
MORP 13299S001,-1.6854938729098805,55.21279178036423,144.45271717570722,I,I,3645667.71433,-107277.07669,5215053.63054,3645667.71433,-107277.07669,5215053.63054,0.0,0.0,0.0,0.0,0.0,0.0
MQZG 50214M001,172.65469688840784,-43.702731584322294,154.65692215133458,P,P,-4580569.78226,590466.13465,-4384379.76578,-4580569.78226,590466.13465,-4384379.76578,0.0,0.0,0.0,0.0,0.0,0.0
MR6G 10405M002,17.25852973288238,60.595145104028205,75.51998083107173,I,I,2998189.28006,931451.92037,5533398.81709,2998189.28006,931451.92037,5533398.81709,0.0,0.0,0.0,0.0,0.0,0.0
MTKA 21741S002,139.56138844760298,35.67951508288168,108.93572137039155,P,P,-3947762.91391,3364399.57694,3699428.47666,-3947762.91391,3364399.57694,3699428.47666,0.0,0.0,0.0,0.0,0.0,0.0
NAIN 40164M001,-61.68871933677559,56.53697658000901,32.818126775324345,I,I,1671836.47058,-3103473.31498,5297671.30579,1671836.47058,-3103473.31498,5297671.30579,0.0,0.0,0.0,0.0,0.0,0.0
NANO 40138M001,-124.08648031352287,49.29480982012818,6.581624085083604,I,I,-2335726.92552,-3451608.33839,4812009.90325,-2335726.92552,-3451608.33839,4812009.90325,0.0,0.0,0.0,0.0,0.0,0.0
NICO 14302M001,33.39644807640763,35.14098777672836,190.02012041490525,I,I,4359415.53322,2874117.18178,3650777.95522,4359415.53322,2874117.18178,3650777.95522,0.0,0.0,0.0,0.0,0.0,0.0
NKLG 32809M002,9.672126928682347,0.3539082549866714,31.509127030149102,I,I,6287385.73374,1071574.75039,39133.09978,6287385.73374,1071574.75039,39133.09978,0.0,0.0,0.0,0.0,0.0,0.0
NLIB 40465M001,-91.57489713415158,41.7715908890892,207.01091126073152,I,I,-130934.75813,-4762291.71507,4226854.63326,-130934.75813,-4762291.71507,4226854.63326,0.0,0.0,0.0,0.0,0.0,0.0
NNOR 50181M001,116.19272201343594,-31.04873004405143,234.8251778073609,I,I,-2414152.15535,4907778.60347,-3270644.46064,-2414152.15535,4907778.60347,-3270644.46064,0.0,0.0,0.0,0.0,0.0,0.0
NOT1 12717M004,14.989789653001045,36.875846216985785,126.33791333436966,I,I,4934546.0542,1321265.18356,3806456.27867,4934546.0542,1321265.18356,3806456.27867,0.0,0.0,0.0,0.0,0.0,0.0
NOUM 92701M003,166.41020340413655,-22.26984631382374,83.02807671111077,I,I,-5739971.88131,1387563.37176,-2402122.75398,-5739971.88131,1387563.37176,-2402122.75398,0.0,0.0,0.0,0.0,0.0,0.0
NRC1 40114M001,-75.62383004168908,45.454162838530976,82.52344390470535,I,I,1112777.04083,-4341475.88687,4522955.85928,1112777.04083,-4341475.88687,4522955.85928,0.0,0.0,0.0,0.0,0.0,0.0
NRIL 12364M001,88.35978615888484,69.36183315211657,47.92865240294486,I,I,64536.97088,2253782.89293,5946363.50707,64536.97088,2253782.89293,5946363.50707,0.0,0.0,0.0,0.0,0.0,0.0
NRMD 92701M005,166.484886301732,-22.228322734138725,160.31893741246313,I,I,-5743537.9986,1380503.95351,-2397896.22111,-5743537.9986,1380503.95351,-2397896.22111,0.0,0.0,0.0,0.0,0.0,0.0
NVSK 12319M001,83.23544848097633,54.84061099845251,123.10779458004981,I,I,433605.31287,3655558.57709,5191286.7063,433605.31287,3655558.57709,5191286.7063,0.0,0.0,0.0,0.0,0.0,0.0
NYA1 10317M003,11.865314217056781,78.92955606424849,84.3217242565006,I,I,1202433.70066,252632.36423,6237772.70106,1202433.70066,252632.36423,6237772.70106,0.0,0.0,0.0,0.0,0.0,0.0
NYAL 10317M001,11.86509132092679,78.92958606965468,78.59625048842281,I,I,1202430.38994,252626.78438,6237767.72542,1202430.38994,252626.78438,6237767.72542,0.0,0.0,0.0,0.0,0.0,0.0
OHI2 66008M005,-57.90132970059889,-63.32108022679953,32.50867111515254,I,I,1525812.0575,-2432478.23867,-5676165.58105,1525812.0575,-2432478.23867,-5676165.58105,0.0,0.0,0.0,0.0,0.0,0.0
OHI3 66008M006,-57.90138303420328,-63.321091527463004,32.640268922783434,I,I,1525809.22654,-2432478.75553,-5676166.26421,1525809.22654,-2432478.75553,-5676166.26421,0.0,0.0,0.0,0.0,0.0,0.0
OHIG 66008M001,-57.90033549968139,-63.320721795059924,30.753403169102967,I,I,1525872.81767,-2432481.33685,-5676146.07385,1525872.81767,-2432481.33685,-5676146.07385,0.0,0.0,0.0,0.0,0.0,0.0
ONSA 10402M004,11.925520209131205,57.395300218152194,45.60659556090832,I,I,3370658.39987,711877.28339,5349787.05594,3370658.39987,711877.28339,5349787.05594,0.0,0.0,0.0,0.0,0.0,0.0
OS0G 10402M004,11.925520209131205,57.395300218152194,45.60659556090832,I,I,3370658.39987,711877.28339,5349787.05594,3370658.39987,711877.28339,5349787.05594,0.0,0.0,0.0,0.0,0.0,0.0
OSN1 23904S001,127.02403600059758,37.077566495274894,48.80982364527881,I,I,-3067862.05593,4067638.98869,3824293.8954,-3067862.05593,4067638.98869,3824293.8954,0.0,0.0,0.0,0.0,0.0,0.0
OSN2 23904S001,127.02403600059758,37.077566495274894,48.80982364527881,I,I,-3067862.05593,4067638.98869,3824293.8954,-3067862.05593,4067638.98869,3824293.8954,0.0,0.0,0.0,0.0,0.0,0.0
OUS2 50212M002,170.51092873269954,-45.86947164149693,26.083597410470247,I,I,-4387890.99201,733420.75994,-4555176.11805,-4387890.99201,733420.75994,-4555176.11805,0.0,0.0,0.0,0.0,0.0,0.0
OWNG 50253M001,-176.36835566935412,-44.02492271693433,23.699540136381984,P,P,-4584344.93839,-290964.5704,-4410099.67816,-4584344.93839,-290964.5704,-4410099.67816,0.0,0.0,0.0,0.0,0.0,0.0
PALM 66005M002,-64.05111981116741,-64.77508918663737,31.09153855126351,I,I,1192672.07687,-2450887.66297,-5747096.02121,1192672.07687,-2450887.66297,-5747096.02121,0.0,0.0,0.0,0.0,0.0,0.0
PALV 66005M002,-64.05111981116741,-64.77508918663737,31.09153855126351,I,I,1192672.07687,-2450887.66297,-5747096.02121,1192672.07687,-2450887.66297,-5747096.02121,0.0,0.0,0.0,0.0,0.0,0.0
PARC 41716S001,-70.87988138860565,-53.136953731921125,22.280083164572716,I,I,1255992.52178,-3622975.19891,-5079719.18364,1255992.52178,-3622975.19891,-5079719.18364,0.0,0.0,0.0,0.0,0.0,0.0
PDEL 31906M004,-25.662762110294505,37.747750934644834,110.61265350040048,I,I,4551595.90915,-2186892.95726,3883410.96307,4551595.90915,-2186892.95726,3883410.96307,0.0,0.0,0.0,0.0,0.0,0.0
PERT 50133M001,115.88525499002031,-31.80196056260501,12.680547599680722,I,I,-2368687.81434,4881316.64659,-3341795.22997,-2368687.81434,4881316.64659,-3341795.22997,0.0,0.0,0.0,0.0,0.0,0.0
PETP 12355M002,158.60707629491657,53.06673133056064,210.2748673222959,I,I,-3576239.78669,1401003.55485,5075177.40126,-3576239.78669,1401003.55485,5075177.40126,0.0,0.0,0.0,0.0,0.0,0.0
PIE1 40456M001,-108.11892853796692,34.30150535898435,2347.7352733341977,I,I,-1640917.04495,-5014781.19952,3575447.04946,-1640917.04495,-5014781.19952,3575447.04946,0.0,0.0,0.0,0.0,0.0,0.0
PIMO 22003M001,121.07772900095544,14.635720289734596,95.52630979474634,I,I,-3186293.65078,5286624.35115,1601158.34907,-3186293.65078,5286624.35115,1601158.34907,0.0,0.0,0.0,0.0,0.0,0.0
POL2 12348M001,74.6942683766827,42.679770498890406,1714.2133712749928,I,I,1239971.09679,4530790.13688,4302578.85832,1239971.09679,4530790.13688,4302578.85832,0.0,0.0,0.0,0.0,0.0,0.0
POLV 12336M001,34.542933567274986,49.60261504447057,178.3658083472401,I,I,3411557.14302,2348464.11658,4834396.96901,3411557.14302,2348464.11658,4834396.96901,0.0,0.0,0.0,0.0,0.0,0.0
POTS 14106M003,13.066094129318454,52.37929874627202,144.41543646063656,I,I,3800689.47198,882077.54468,5028791.40907,3800689.47198,882077.54468,5028791.40907,0.0,0.0,0.0,0.0,0.0,0.0
PRDS 40124M001,-114.29349891235442,50.87135087558467,1247.9494968364015,I,I,-1659603.13615,-3676725.77161,4925493.48442,-1659603.13615,-3676725.77161,4925493.48442,0.0,0.0,0.0,0.0,0.0,0.0
PRE1 30310S001,28.224039922064726,-25.746343670123647,1416.3127190209925,I,I,5066232.04085,2719227.21145,-2754392.45286,5066232.04085,2719227.21145,-2754392.45286,0.0,0.0,0.0,0.0,0.0,0.0
PRE2 30310S001,28.224039922064726,-25.746343670123647,1416.3127190209925,I,I,5066232.04085,2719227.21145,-2754392.45286,5066232.04085,2719227.21145,-2754392.45286,0.0,0.0,0.0,0.0,0.0,0.0
QAQ1 43007M001,-46.04776596198624,60.71526468403015,110.46223309915513,I,I,2170941.91442,-2251830.01035,5539988.44974,2170941.91442,-2251830.01035,5539988.44974,0.0,0.0,0.0,0.0,0.0,0.0
QIKI 40166M001,-64.03366988694995,67.55933995726879,13.293866477906704,I,I,1069081.0771,-2195214.21547,5872519.07906,1069081.0771,-2195214.21547,5872519.07906,0.0,0.0,0.0,0.0,0.0,0.0
QUI1 42003S003,-78.49360742803208,-0.2151561645723873,2922.5348447859287,I,I,1272867.38777,-6252772.11045,-23801.65692,1272867.38777,-6252772.11045,-23801.65692,0.0,0.0,0.0,0.0,0.0,0.0
QUI2 42003S003,-78.49360742803208,-0.2151561645723873,2922.5348447859287,I,I,1272867.38777,-6252772.11045,-23801.65692,1272867.38777,-6252772.11045,-23801.65692,0.0,0.0,0.0,0.0,0.0,0.0
QUIN 40433M004,-120.94443039887572,39.97455381160021,1105.7727396572009,I,I,-2517231.35282,-4198595.00475,4076531.18615,-2517231.35282,-4198595.00475,4076531.18615,0.0,0.0,0.0,0.0,0.0,0.0
RABT 35001M002,-6.8542875802628025,33.99810524236464,90.09091692604125,I,I,5255617.596,-631745.51584,3546322.69781,5255617.596,-631745.51584,3546322.69781,0.0,0.0,0.0,0.0,0.0,0.0
RAMO 20703S001,34.76314181828861,30.59760729767821,886.8447299441323,I,I,4514721.64828,3133507.98095,3228024.88789,4514721.64828,3133507.98095,3228024.88789,0.0,0.0,0.0,0.0,0.0,0.0
RBAY 30315M001,32.07838611070802,-28.795544777124363,31.758060994558036,I,I,4739765.78077,2970758.47577,-3054077.52549,4739765.78077,2970758.47577,-3054077.52549,0.0,0.0,0.0,0.0,0.0,0.0
RESO 40149M001,-94.89369847355727,74.69081999498889,20.005343448370695,I,I,-144107.79794,-1683119.83316,6129763.31619,-144107.79794,-1683119.83316,6129763.31619,0.0,0.0,0.0,0.0,0.0,0.0
REUN 97401M003,55.57172180767968,-21.208224612426996,1558.3548924177885,I,I,3364098.97263,4907944.60576,-2293466.74325,3364098.97263,4907944.60576,-2293466.74325,0.0,0.0,0.0,0.0,0.0,0.0
RIGA 12302M002,24.058777057483066,56.94862090321927,34.73342927917838,I,I,3183899.01612,1421478.6325,5322810.88419,3183899.01612,1421478.6325,5322810.88419,0.0,0.0,0.0,0.0,0.0,0.0
RIOG 41507M004,-67.7511173887069,-53.78547091095763,32.05324631463736,I,I,1429907.87223,-3495354.90776,-5122698.58202,1429907.87223,-3495354.90776,-5122698.58202,0.0,0.0,0.0,0.0,0.0,0.0
SANT 41705M003,-70.66855505654594,-33.15028811614887,723.077989295125,P,P,1769693.44263,-5044574.21814,-3468320.93758,1769693.44263,-5044574.21814,-3468320.93758,0.0,0.0,0.0,0.0,0.0,0.0
SCH2 40133M002,-66.83261894476789,54.83209039393868,498.3557227756828,I,I,1448636.60908,-3385243.76568,5191047.18417,1448636.60908,-3385243.76568,5191047.18417,0.0,0.0,0.0,0.0,0.0,0.0
SCOR 43006M002,-21.950339025244926,70.4853354040208,128.54155812878162,I,I,1982095.87893,-798821.00191,5989464.63011,1982095.87893,-798821.00191,5989464.63011,0.0,0.0,0.0,0.0,0.0,0.0
SCUB 40701M001,-75.76231681642996,20.01206373557852,20.910754485055804,I,I,1474538.03562,-5811243.26636,2168958.86287,1474538.03562,-5811243.26636,2168958.86287,0.0,0.0,0.0,0.0,0.0,0.0
SELE 12352M001,77.01690162345342,43.178732479759,1342.0108862472698,I,I,1046790.33261,4540257.12035,4342920.81929,1046790.33261,4540257.12035,4342920.81929,0.0,0.0,0.0,0.0,0.0,0.0
SFER 13402M004,-6.205643982231453,36.46434707801508,84.1746383914724,I,I,5105518.92479,-555145.71065,3769803.51787,5105518.92479,-555145.71065,3769803.51787,0.0,0.0,0.0,0.0,0.0,0.0
SHAO 21605M002,121.20044770493601,31.0996413653927,22.044289642944932,I,I,-2831733.8135,4675665.82664,3275369.30957,-2831733.8135,4675665.82664,3275369.30957,0.0,0.0,0.0,0.0,0.0,0.0
SIMO 30307M001,18.439575454038593,-34.18793758632446,39.48191599920392,I,I,5010435.83676,1670594.83816,-3563732.38341,5010435.83676,1670594.83816,-3563732.38341,0.0,0.0,0.0,0.0,0.0,0.0
SOFI 11101M002,23.39473555965436,42.556095735849,1119.532177951187,I,I,4319371.91513,1868687.96562,4292064.02728,4319371.91513,1868687.96562,4292064.02728,0.0,0.0,0.0,0.0,0.0,0.0
SSIA 41401S001,-89.11659488233242,13.697085546759205,626.648787307553,I,I,95567.06358,-6197785.58295,1500590.61061,95567.06358,-6197785.58295,1500590.61061,0.0,0.0,0.0,0.0,0.0,0.0
STJO 40101M001,-52.67775151818292,47.59524103736767,152.84015046339482,I,I,2612630.91602,-3426807.05099,4686757.96464,2612630.91602,-3426807.05099,4686757.96464,0.0,0.0,0.0,0.0,0.0,0.0
SUTH 30314M002,20.81046441536479,-32.38020879330441,1799.7568144761026,I,I,5041274.87764,1916054.34531,-3397075.77553,5041274.87764,1916054.34531,-3397075.77553,0.0,0.0,0.0,0.0,0.0,0.0
SUTM 30314M004,20.810912849589627,-32.38143225896834,1797.6093983389437,I,I,5041190.24761,1916067.33507,-3397189.23593,5041190.24761,1916067.33507,-3397189.23593,0.0,0.0,0.0,0.0,0.0,0.0
SUTV 30314M002,20.81046441536479,-32.38020879330441,1799.7568144761026,I,I,5041274.87764,1916054.34531,-3397075.77553,5041274.87764,1916054.34531,-3397075.77553,0.0,0.0,0.0,0.0,0.0,0.0
SUWN 23903M001,127.05424378008922,37.27551354120544,82.2753575714305,I,I,-3062023.12412,4055447.92263,3841818.17584,-3062023.12412,4055447.92263,3841818.17584,0.0,0.0,0.0,0.0,0.0,0.0
SYOG 66006S002,39.58374251011797,-69.00695698519543,50.00091037526727,I,I,1766207.9196,1460290.32462,-5932297.66793,1766207.9196,1460290.32462,-5932297.66793,0.0,0.0,0.0,0.0,0.0,0.0
TAH1 92201S011,-149.606194154665,-17.577026119362746,99.81645350251347,I,I,-5246404.36077,-3077284.79358,-1913838.96058,-5246404.36077,-3077284.79358,-1913838.96058,0.0,0.0,0.0,0.0,0.0,0.0
TAH2 92201S011,-149.606194154665,-17.577026119362746,99.81645350251347,I,I,-5246404.36077,-3077284.79358,-1913838.96058,-5246404.36077,-3077284.79358,-1913838.96058,0.0,0.0,0.0,0.0,0.0,0.0
TCMS 23604S002,120.98739312660155,24.797985131760658,77.24019414093345,I,I,-2982783.21487,4966659.97118,2658809.35661,-2982783.21487,4966659.97118,2658809.35661,0.0,0.0,0.0,0.0,0.0,0.0
TEHN 20404M002,51.33409567590194,35.69728378931862,1194.5854056207463,I,I,3240499.0372,4049740.42104,3701663.23551,3240499.0372,4049740.42104,3701663.23551,0.0,0.0,0.0,0.0,0.0,0.0
THTI 92201M009,-149.60645489186854,-17.577058932021817,98.02249478269368,I,I,-5246415.94343,-3077259.4985,-1913841.88089,-5246415.94343,-3077259.4985,-1913841.88089,0.0,0.0,0.0,0.0,0.0,0.0
THU1 43001M001,-68.78802208329813,76.53733777719266,55.097129836678505,I,I,538981.02367,-1388714.87957,6181005.24208,538981.02367,-1388714.87957,6181005.24208,0.0,0.0,0.0,0.0,0.0,0.0
THU2 43001M002,-68.8250453605025,76.53704801296598,36.16684623528272,I,I,538093.32548,-1389088.09221,6180979.30104,538093.32548,-1389088.09221,6180979.30104,0.0,0.0,0.0,0.0,0.0,0.0
THU3 43001M002,-68.8250453605025,76.53704801296598,36.16684623528272,I,I,538093.32548,-1389088.09221,6180979.30104,538093.32548,-1389088.09221,6180979.30104,0.0,0.0,0.0,0.0,0.0,0.0
TID1 50103M108,148.98000020337196,-35.39919963306092,665.3350487397984,I,I,-4460996.78565,2682557.08959,-3674442.86908,-4460996.78565,2682557.08959,-3674442.86908,0.0,0.0,0.0,0.0,0.0,0.0
TID2 50103M108,148.98000020337196,-35.39919963306092,665.3350487397984,I,I,-4460996.78565,2682557.08959,-3674442.86908,-4460996.78565,2682557.08959,-3674442.86908,0.0,0.0,0.0,0.0,0.0,0.0
TIDB 50103M108,148.98000020337196,-35.39919963306092,665.3350487397984,I,I,-4460996.78565,2682557.08959,-3674442.86908,-4460996.78565,2682557.08959,-3674442.86908,0.0,0.0,0.0,0.0,0.0,0.0
TIXG 12360M001,128.86642516774145,71.63447256101053,47.079288269393146,I,I,-1264873.39246,1569455.76555,6031003.41059,-1264873.39246,1569455.76555,6031003.41059,0.0,0.0,0.0,0.0,0.0,0.0
TIXI 12360M001,128.86642516774145,71.63447256101053,47.079288269393146,I,I,-1264873.39246,1569455.76555,6031003.41059,-1264873.39246,1569455.76555,6031003.41059,0.0,0.0,0.0,0.0,0.0,0.0
TLSE 10003M009,1.4808928693066512,43.560696215354135,207.19242310058326,I,I,4627851.71509,119640.2104,4372993.67461,4627851.71509,119640.2104,4372993.67461,0.0,0.0,0.0,0.0,0.0,0.0
TNML 23604S001,120.9873478669806,24.7979537628422,75.86797207500786,I,I,-2982779.40055,4966662.50885,2658805.6267,-2982779.40055,4966662.50885,2658805.6267,0.0,0.0,0.0,0.0,0.0,0.0
TOW2 50140M001,147.0556908266095,-19.269274947673146,88.09668079763651,I,I,-5054583.23664,3275504.18389,-2091538.73484,-5054583.23664,3275504.18389,-2091538.73484,0.0,0.0,0.0,0.0,0.0,0.0
TRAB 20808M001,39.77556453533507,40.994709268629826,99.2861019866541,I,I,3705250.13976,3084421.83397,4162044.87917,3705250.13976,3084421.83397,4162044.87917,0.0,0.0,0.0,0.0,0.0,0.0
TRO1 10302M006,18.939650363336025,69.66271951468715,138.1232941225171,I,I,2102928.30906,721619.55342,5958196.34366,2102928.30906,721619.55342,5958196.34366,0.0,0.0,0.0,0.0,0.0,0.0
TROM 10302M003,18.93833361369305,69.6627500271034,132.49583144113421,I,I,2102940.02356,721569.55389,5958192.25003,2102940.02356,721569.55389,5958192.25003,0.0,0.0,0.0,0.0,0.0,0.0
TSKB 21730S005,140.0875059488556,36.10567881496915,67.19195544160903,P,P,-3957199.799,3310199.06701,3737711.53837,-3957199.799,3310199.06701,3737711.53837,0.0,0.0,0.0,0.0,0.0,0.0
TWTF 23603S002,121.1645040370146,24.95356429343202,201.54531926196069,I,I,-2994428.46809,4951309.14804,2674496.74407,-2994428.46809,4951309.14804,2674496.74407,0.0,0.0,0.0,0.0,0.0,0.0
ULAB 24201M001,107.05232906137783,47.86506712540218,1575.5350198075175,I,I,-1257408.82903,4099404.32799,4707992.57366,-1257408.82903,4099404.32799,4707992.57366,0.0,0.0,0.0,0.0,0.0,0.0
UNSA 41514M001,-65.40764290513941,-24.727455368045536,1257.78340700455,I,I,2412830.49053,-5271936.7442,-2652208.91876,2412830.49053,-5271936.7442,-2652208.91876,0.0,0.0,0.0,0.0,0.0,0.0
URUM 21612M001,87.60066991242125,43.80794984339701,858.8825343847275,I,I,193030.31874,4606851.29808,4393311.53217,193030.31874,4606851.29808,4393311.53217,0.0,0.0,0.0,0.0,0.0,0.0
USN3 40451S007,-77.0662753430762,38.92056535812962,57.3882025135681,I,I,1112161.98837,-4842853.52964,3985496.03613,1112161.98837,-4842853.52964,3985496.03613,0.0,0.0,0.0,0.0,0.0,0.0
USNO 40451S003,-77.06622673117835,38.918963144476876,48.85770502500236,I,I,1112189.62261,-4842955.02573,3985352.28978,1112189.62261,-4842955.02573,3985352.28978,0.0,0.0,0.0,0.0,0.0,0.0
UZHL 12301M001,22.297621598595715,48.631979016923374,232.00395407248288,I,I,3907587.27669,1602428.84909,4763783.84422,3907587.27669,1602428.84909,4763783.84422,0.0,0.0,0.0,0.0,0.0,0.0
VESL 66009M001,-2.8417828348751413,-71.67379535276831,862.3641233546659,I,I,2009329.89,-99741.48413,-6033158.40235,2009329.89,-99741.48413,-6033158.40235,0.0,0.0,0.0,0.0,0.0,0.0
VILL 13406M001,-3.9519769229437873,40.44359485219794,647.3365042200312,I,I,4849833.59118,-335048.82289,4116015.05939,4849833.59118,-335048.82289,4116015.05939,0.0,0.0,0.0,0.0,0.0,0.0
VNDP 40420M007,-120.6164541206748,34.556313017010204,-11.524916437454522,I,I,-2678090.4472,-4525437.03165,3597431.90886,-2678090.4472,-4525437.03165,3597431.90886,0.0,0.0,0.0,0.0,0.0,0.0
WES2 40440S020,-71.49332879474353,42.61333613900403,85.013496899046,I,I,1492233.09156,-4458089.50137,4296046.07597,1492233.09156,-4458089.50137,4296046.07597,0.0,0.0,0.0,0.0,0.0,0.0
WHIT 40136M001,-135.22211418742165,60.750510667787196,1427.4044518712908,I,I,-2218338.11181,-2201205.11913,5543057.48704,-2218338.11181,-2201205.11913,5543057.48704,0.0,0.0,0.0,0.0,0.0,0.0
WILL 40134M001,-122.16781402845405,52.236866844353564,1095.6997833056375,I,I,-2084258.3175,-3313873.00159,5019852.99596,-2084258.3175,-3313873.00159,5019852.99596,0.0,0.0,0.0,0.0,0.0,0.0
WIND 31101M001,17.08943373246526,-22.57491835289626,1734.671446786262,I,I,5633708.80055,1732017.92028,-2433985.5874,5633708.80055,1732017.92028,-2433985.5874,0.0,0.0,0.0,0.0,0.0,0.0
WSRT 13506M005,6.604508033413317,52.91461253014071,82.27680450864136,I,I,3828735.70996,443305.11694,5064884.80816,3828735.70996,443305.11694,5064884.80816,0.0,0.0,0.0,0.0,0.0,0.0
WTZR 14201M010,12.87891256466161,49.144199863267126,666.0189718287438,I,I,4075580.38665,931853.96904,4801568.23118,4075580.38665,931853.96904,4801568.23118,0.0,0.0,0.0,0.0,0.0,0.0
WUHN 21602M001,114.3572654830317,30.5316517002142,25.85743029229343,I,I,-2267749.74312,5009154.20785,3221290.59868,-2267749.74312,5009154.20785,3221290.59868,0.0,0.0,0.0,0.0,0.0,0.0
YAR1 50107M004,115.34698079152015,-29.046549452253185,241.28095027431846,I,I,-2389026.38134,5043317.0177,-3078529.81035,-2389026.38134,5043317.0177,-3078529.81035,0.0,0.0,0.0,0.0,0.0,0.0
YAR2 50107M004,115.34698079152015,-29.046549452253185,241.28095027431846,I,I,-2389026.38134,5043317.0177,-3078529.81035,-2389026.38134,5043317.0177,-3078529.81035,0.0,0.0,0.0,0.0,0.0,0.0
YARR 50107M006,115.346977837137,-29.046584402004026,241.35078536067158,I,I,-2389025.34224,5043315.49629,-3078533.23088,-2389025.34224,5043315.49629,-3078533.23088,0.0,0.0,0.0,0.0,0.0,0.0
YEBE 13420M001,-3.0886239781407,40.524902055672584,972.7674606908113,I,I,4848724.61564,-261632.01552,4123094.28428,4848724.61564,-261632.01552,4123094.28428,0.0,0.0,0.0,0.0,0.0,0.0
YELL 40127M003,-114.48070482289229,62.480892874852,180.9644233789295,I,I,-1224452.86981,-2689216.18372,5633638.28282,-1224452.86981,-2689216.18372,5633638.28282,0.0,0.0,0.0,0.0,0.0,0.0
YIBL 25001M001,56.11233818640804,22.18646223504142,95.13353758491576,I,I,3294552.39861,4905092.55036,2393579.99645,3294552.39861,4905092.55036,2393579.99645,0.0,0.0,0.0,0.0,0.0,0.0
ZAMB 34601M001,28.311014041958135,-15.425539150750959,1324.9320649867877,I,I,5415352.98292,2917210.10514,-1685888.69235,5415352.98292,2917210.10514,-1685888.69235,0.0,0.0,0.0,0.0,0.0,0.0
ZECK 12351M001,41.565069421635926,43.788393943838635,1166.2940772939473,I,I,3451174.48182,3060335.57994,4391955.74338,3451174.48182,3060335.57994,4391955.74338,0.0,0.0,0.0,0.0,0.0,0.0
ZIMJ 14001M006,7.465105955036549,46.87714214973553,954.2944276072085,I,I,4331293.78417,567542.31236,4633135.83923,4331293.78417,567542.31236,4633135.83923,0.0,0.0,0.0,0.0,0.0,0.0
ZIMM 14001M004,7.465279368619433,46.87709899802955,956.3456129012629,I,I,4331296.92884,567556.05877,4633134.05674,4331296.92884,567556.05877,4633134.05674,0.0,0.0,0.0,0.0,0.0,0.0
